{
  "project_info": {
    "project_number": "347471678397",
    "firebase_url": "https://face-detection-63911.firebaseio.com",
    "project_id": "face-detection-63911",
    "storage_bucket": "face-detection-63911.appspot.com"
  },
  "client": [
    {
      "client_info": {
        "mobilesdk_app_id": "1:347471678397:android:d5eed08f099e5faeb7e0d4",
        "android_client_info": {
          "package_name": "com.atul.iotech.facerecognizer"
        }
      },
      "oauth_client": [
        {
          "client_id": "347471678397-v2olq6so011bfl596le8peaps2fujmfl.apps.googleusercontent.com",
          "client_type": 3
        }
      ],
      "api_key": [
        {
          "current_key": "AIzaSyCzAdrQJzMNAV-VdTCEFrAY9NNPFoTpsAg"
        }
      ],
      "services": {
        "appinvite_service": {
          "other_platform_oauth_client": [
            {
              "client_id": "347471678397-v2olq6so011bfl596le8peaps2fujmfl.apps.googleusercontent.com",
              "client_type": 3
            }
          ]
        }
      }
    }
  ],
  "configuration_version": "1"
}